PREFIX,SEQUENCE,TITLE,FORMAT,TIMESTAMP,COMMIT_HASH
VENDM,001,Postman connectivity test ÃƒÆ’Ã†â€™Ãƒâ€šÃ‚Â¢ÃƒÆ’Ã‚Â¢ÃƒÂ¢Ã¢â€šÂ¬Ã…Â¡Ãƒâ€šÃ‚Â¬,SEQUENCE,2026-07-12 22:16,73387b1d16ce
RHONB,001,"Extended the diagram past ""Production Release"" witÃƒÆ’Ã‚Â¢ÃƒÂ¢Ã¢â‚¬Å¡Ã‚Â¬Ãƒâ€šÃ‚Â¦ ÃƒÆ’Ã‚Â¢ÃƒÂ¢Ã¢â‚¬Å¡Ã‚Â¬",SVG,2026-07-12 22:23,1350bbc544cb
FINOP,001,Added a risk assessment step within Finance afterÃƒÂ¢Ã¢â€šÂ¬Ã‚Â¦ ÃƒÂ¢Ã¢â€šÂ¬,JPEG,2026-07-12 22:42,6623636ec6a6
RHONB,002,Added a Compliance Officer subgraph (lane) containÃ¢â‚¬Â¦ Ã¢â‚¬,PDF,2026-07-12 22:44,488495c09786
FINOP,002,Added a risk assessment step within Finance afterâ€¦ â€,JPEG,2026-07-14 20:16,763905676747
FINOP,003,Added a risk assessment step within Finance after… �,JPEG,2026-07-14 22:07,3decb81e56cd
FINOP,004,Added a risk assessment step within Finance after…,JPEG,2026-07-14 22:55,68e88fe48ac6
RHONB,003,Added a Compliance Officer subgraph containing three hexagonal checkpoints: (1) Conflict of Interest…,PDF,2026-07-14 23:42,f84209e5b6df
RHONB,004,Three Compliance Officer checkpoints were added as hexagon nodes inside a dedicated Compliance Offic…,PDF,2026-07-15 01:36,39b8321336a2
PROCM,001,Added Finance Director as a new participant,BPMN,2026-07-15 01:37,044e6295911e
PROCM,002,Replaced the single payment step after 3-way match with an alt/else block,BPMN,2026-07-15 01:38,10c2e709fb40
FINOP,005,Added a risk assessment step within Finance after the credit check request,JPEG,2026-07-15 16:24,67ed967181cf
FINOP,006,Replaced the single Finance approval response with a risk assessment step within Finance that evalua…,JPEG,2026-07-16 11:05,8ae0399f90cd
FINOP,007,Replaced the single Finance approval step with a risk assessment decision point inside Finance,JPEG,2026-07-16 13:54,4f49508dc841
FINOP,008,Replaced the single Finance approval step with a risk assessment decision point using an `alt/else`…,JPEG,2026-07-16 14:06,b0993701eab3
FINOP,009,Replaced the single Finance approval step with a risk assessment performed by Finance,JPEG,2026-07-16 23:40,ecdb31ad71ab
FINOP,010,Replaced the single Finance approval step with a risk assessment decision point inside Finance,JPEG,2026-07-18 15:23,cec31c0c1c73
PROCM,003,The source is a BPMN 2,BPMN,2026-07-18 20:45,50c2ca24388d
